{
	"system" : {
		"platform" : "windows64",
		"os_name" : "Windows 10",
		"os_version" : "10.0"
	},
	"error" : {
		"executable" : "quartus",
		"comment" : "not_applicable",
		"error_message" : "end_of_selection <= m_data->get_end_time()",
		"source_file" : "/quartus/db/vdb/vdb_channel.cpp",
		"line" : "3740",
		"stack_trace" : "\t0x7ffdb94d150c: db_vdb + 0x3150c (?create_level_collection@VDB_CHANNEL@@QEAAX_J0PEAVVDB_LEVEL_COLLECTION@@@Z + 0xcc)\n\t0x7ffda8d12907: edt_wedtq + 0x32907 (?get_selection_prev_levels@WEDTQ_FRAME_WND@@QEAA_NPEAVQWidget@@PEAV?$list@PEAUWEDTQ_PREVIOUS_LEVELS@@V?$allocator@PEAUWEDTQ_PREVIOUS_LEVELS@@@std@@@std@@_N2@Z + 0x317)\n\t0x7ffda8d4b80e: edt_wedtq + 0x6b80e (??0WEDTQ_OVERWRITE_COUNT_VALUE_COMMAND@@QEAA@AEBVVDB_COUNT_INFO@@PEAVWEDTQ_WAVEFORM_VIEW@@@Z + 0x20e)\n\t0x7ffda8ce74ca: edt_wedtq + 0x74ca (?accept@WEDTQ_COUNT_VALUE_DLG@@MEAAXXZ + 0x3fa)\n\t0x7ffda8ce6cf6: edt_wedtq + 0x6cf6 (?qt_static_metacall@WEDTQ_COUNT_VALUE_DLG@@CAXPEAVQObject@@W4Call@QMetaObject@@HPEAPEAX@Z + 0x96)\n\t 0x5615d1f0: QtCore4 + 0x11d1f0 (?activate@QMetaObject@@SAXPEAVQObject@@PEBU1@HPEAPEAX@Z + 0x520)\n\t 0x5669f457: QtGui4 + 0x36f457 (??1QDialogButtonBox@@UEAA@XZ + 0x207)\n\t 0x5615d1f0: QtCore4 + 0x11d1f0 (?activate@QMetaObject@@SAXPEAVQObject@@PEBU1@HPEAPEAX@Z + 0x520)\n\t 0x568bfdf2: QtGui4 + 0x58fdf2 (?clicked@QAbstractButton@@IEAAX_N@Z + 0x32)\n\t 0x56676b8e: QtGui4 + 0x346b8e (?click@QAbstractButton@@QEAAXXZ + 0x51e)\n\t 0x56676807: QtGui4 + 0x346807 (?click@QAbstractButton@@QEAAXXZ + 0x197)\n\t 0x56677699: QtGui4 + 0x347699 (?mouseReleaseEvent@QAbstractButton@@MEAAXPEAVQMouseEvent@@@Z + 0x59)\n\t 0x56391dc4: QtGui4 + 0x61dc4 (?event@QWidget@@MEAA_NPEAVQEvent@@@Z + 0xd4)\n\t 0x56352f95: QtGui4 + 0x22f95 (?notify_helper@QApplicationPrivate@@QEAA_NPEAVQObject@@PEAVQEvent@@@Z + 0xf5)\n\t 0x56351b8e: QtGui4 + 0x21b8e (?notify@QApplication@@UEAA_NPEAVQObject@@PEAVQEvent@@@Z + 0x71e)\n\t 0x5614e67b: QtCore4 + 0x10e67b (?notifyInternal@QCoreApplication@@AEAA_NPEAVQObject@@PEAVQEvent@@@Z + 0x7b)\n\t 0x56355dee: QtGui4 + 0x25dee (?sendMouseEvent@QApplicationPrivate@@SA_NPEAVQWidget@@PEAVQMouseEvent@@00PEAPEAV2@AEAV?$QPointer@VQWidget@@@@_N@Z + 0x1de)\n\t 0x563b69b0: QtGui4 + 0x869b0 (?trUtf8@QScrollBar@@SA?AVQString@@PEBD0H@Z + 0x1440)\n\t 0x563ba361: QtGui4 + 0x8a361 (?winMouseButtonUp@QApplication@@SAXXZ + 0x2761)\n\t0x7ffe1e20e857: USER32 + 0xe857 (CallWindowProcW + 0x3f7)\n\t0x7ffe1e20e298: USER32 + 0xe298 (DispatchMessageW + 0x258)\n\t 0x56173982: QtCore4 + 0x133982 (?processEvents@QEventDispatcherWin32@@UEAA_NV?$QFlags@W4ProcessEventsFlag@QEventLoop@@@@@Z + 0x3e2)\n\t 0x563b2074: QtGui4 + 0x82074 (?openPopup@QApplicationPrivate@@QEAAXPEAVQWidget@@@Z + 0x204)\n\t 0x5614b5db: QtCore4 + 0x10b5db (?exec@QEventLoop@@QEAAHV?$QFlags@W4ProcessEventsFlag@QEventLoop@@@@@Z + 0x22b)\n\t 0x56756920: QtGui4 + 0x426920 (?exec@QDialog@@QEAAHXZ + 0xf0)\n\t0x7ffda8d37b1b: edt_wedtq + 0x57b1b (?update_overwrite_counter_value@WEDTQ_WAVEFORM_VIEW@@QEAAXXZ + 0x8b)\n\t 0x5615d1f0: QtCore4 + 0x11d1f0 (?activate@QMetaObject@@SAXPEAVQObject@@PEBU1@HPEAPEAX@Z + 0x520)\n\t 0x5633a2cf: QtGui4 + 0xa2cf (?activate@QAction@@QEAAXW4ActionEvent@1@@Z + 0xdf)\n\t 0x566767a5: QtGui4 + 0x3467a5 (?click@QAbstractButton@@QEAAXXZ + 0x135)\n\t 0x56677699: QtGui4 + 0x347699 (?mouseReleaseEvent@QAbstractButton@@MEAAXPEAVQMouseEvent@@@Z + 0x59)\n\t 0x567231ae: QtGui4 + 0x3f31ae (?mouseReleaseEvent@QToolButton@@MEAAXPEAVQMouseEvent@@@Z + 0xe)\n\t 0x56391dc4: QtGui4 + 0x61dc4 (?event@QWidget@@MEAA_NPEAVQEvent@@@Z + 0xd4)\n\t 0x56352f95: QtGui4 + 0x22f95 (?notify_helper@QApplicationPrivate@@QEAA_NPEAVQObject@@PEAVQEvent@@@Z + 0xf5)\n\t 0x56351b8e: QtGui4 + 0x21b8e (?notify@QApplication@@UEAA_NPEAVQObject@@PEAVQEvent@@@Z + 0x71e)\n\t 0x5614e67b: QtCore4 + 0x10e67b (?notifyInternal@QCoreApplication@@AEAA_NPEAVQObject@@PEAVQEvent@@@Z + 0x7b)\n\t 0x56355dee: QtGui4 + 0x25dee (?sendMouseEvent@QApplicationPrivate@@SA_NPEAVQWidget@@PEAVQMouseEvent@@00PEAPEAV2@AEAV?$QPointer@VQWidget@@@@_N@Z + 0x1de)\n\t 0x563b69b0: QtGui4 + 0x869b0 (?trUtf8@QScrollBar@@SA?AVQString@@PEBD0H@Z + 0x1440)\n\t 0x563ba361: QtGui4 + 0x8a361 (?winMouseButtonUp@QApplication@@SAXXZ + 0x2761)\n\t0x7ffe1e20e857: USER32 + 0xe857 (CallWindowProcW + 0x3f7)\n\t0x7ffe1e20e298: USER32 + 0xe298 (DispatchMessageW + 0x258)\n\t 0x56173982: QtCore4 + 0x133982 (?processEvents@QEventDispatcherWin32@@UEAA_NV?$QFlags@W4ProcessEventsFlag@QEventLoop@@@@@Z + 0x3e2)\n\t 0x563b2074: QtGui4 + 0x82074 (?openPopup@QApplicationPrivate@@QEAAXPEAVQWidget@@@Z + 0x204)\n\t 0x5614b5db: QtCore4 + 0x10b5db (?exec@QEventLoop@@QEAAHV?$QFlags@W4ProcessEventsFlag@QEventLoop@@@@@Z + 0x22b)\n\t 0x5614dbbf: QtCore4 + 0x10dbbf (?exec@QCoreApplication@@SAHXZ + 0xdf)\n\t0x7ff75555198b: quartus + 0x198b (?qgq_main@@YAHHPEAPEBD@Z + 0x8b)\n\t0x7ffe02f03258: CCL_MSG + 0x13258 (?msg_main_thread@@YAPEAXPEAX@Z + 0x18)\n\t0x7ffe02f04a5e: CCL_MSG + 0x14a5e (?msg_thread_wrapper@@YAPEAXP6APEAXPEAX@Z0@Z + 0x6e)\n\t0x7ffe03056af0: ccl_mem + 0x16af0 (?mem_thread_wrapper@@YAPEAXP6APEAXPEAX@Z0@Z + 0x70)\n\t0x7ffe02f02af1: CCL_MSG + 0x12af1 (?msg_exe_main@@YAHHPEAPEBDP6AHH0@Z@Z + 0xa1)\n\t0x7ff755552777: quartus + 0x2777 (WinMain + 0x127)\n\t0x7ff755551f40: quartus + 0x1f40 (__tmainCRTStartup + 0x148)\n\t0x7ffe1f457033: KERNEL32 + 0x17033 (BaseThreadInitThunk + 0x13)\n\t0x7ffe1f6e2650: ntdll + 0x52650 (RtlUserThreadStart + 0x20)\n",
		"subsystem" : "VDB"
	},
	"quartus" : {
		"quartus_bits" : "64",
		"version" : "20.1.1",
		"build" : "720",
		"edition" : "Lite Edition"
	}
}