{
	"partitions" : [
		{
			"name" : "Top",
			"pins" : [
				{
					"name" : "Z[0]",
					"strict" : false
				},
				{
					"name" : "Z[1]",
					"strict" : false
				},
				{
					"name" : "Z[2]",
					"strict" : false
				},
				{
					"name" : "Z[3]",
					"strict" : false
				},
				{
					"name" : "Z[4]",
					"strict" : false
				},
				{
					"name" : "Z[5]",
					"strict" : false
				},
				{
					"name" : "Z[6]",
					"strict" : false
				},
				{
					"name" : "A[0]",
					"strict" : false
				},
				{
					"name" : "A[1]",
					"strict" : false
				},
				{
					"name" : "A[2]",
					"strict" : false
				},
				{
					"name" : "A[3]",
					"strict" : false
				}
			]
		}
	]
}