{
	"partitions" : [
		{
			"name" : "Top",
			"pins" : [
				{
					"name" : "Q[0]",
					"strict" : false
				},
				{
					"name" : "Q[1]",
					"strict" : false
				},
				{
					"name" : "Q[2]",
					"strict" : false
				},
				{
					"name" : "Q[3]",
					"strict" : false
				},
				{
					"name" : "PI[0]",
					"strict" : false
				},
				{
					"name" : "Load",
					"strict" : false
				},
				{
					"name" : "clk",
					"strict" : false
				},
				{
					"name" : "PI[1]",
					"strict" : false
				},
				{
					"name" : "PI[2]",
					"strict" : false
				},
				{
					"name" : "PI[3]",
					"strict" : false
				},
				{
					"name" : "SI",
					"strict" : false
				}
			]
		}
	]
}