{
	"partitions" : [
		{
			"name" : "Top",
			"pins" : [
				{
					"name" : "ADDRESS[7]",
					"strict" : false
				},
				{
					"name" : "ADDRESS[6]",
					"strict" : false
				},
				{
					"name" : "ADDRESS[5]",
					"strict" : false
				},
				{
					"name" : "ADDRESS[4]",
					"strict" : false
				},
				{
					"name" : "ADDRESS[3]",
					"strict" : false
				},
				{
					"name" : "ADDRESS[2]",
					"strict" : false
				},
				{
					"name" : "ADDRESS[1]",
					"strict" : false
				},
				{
					"name" : "ADDRESS[0]",
					"strict" : false
				},
				{
					"name" : "Result_Out[7]",
					"strict" : false
				},
				{
					"name" : "Result_Out[6]",
					"strict" : false
				},
				{
					"name" : "Result_Out[5]",
					"strict" : false
				},
				{
					"name" : "Result_Out[4]",
					"strict" : false
				},
				{
					"name" : "Result_Out[3]",
					"strict" : false
				},
				{
					"name" : "Result_Out[2]",
					"strict" : false
				},
				{
					"name" : "Result_Out[1]",
					"strict" : false
				},
				{
					"name" : "Result_Out[0]",
					"strict" : false
				},
				{
					"name" : "INSTRUCTION[15]",
					"strict" : false
				},
				{
					"name" : "INSTRUCTION[14]",
					"strict" : false
				},
				{
					"name" : "INSTRUCTION[13]",
					"strict" : false
				},
				{
					"name" : "INSTRUCTION[12]",
					"strict" : false
				},
				{
					"name" : "INSTRUCTION[11]",
					"strict" : false
				},
				{
					"name" : "INSTRUCTION[10]",
					"strict" : false
				},
				{
					"name" : "INSTRUCTION[9]",
					"strict" : false
				},
				{
					"name" : "INSTRUCTION[8]",
					"strict" : false
				},
				{
					"name" : "INSTRUCTION[7]",
					"strict" : false
				},
				{
					"name" : "INSTRUCTION[6]",
					"strict" : false
				},
				{
					"name" : "INSTRUCTION[5]",
					"strict" : false
				},
				{
					"name" : "INSTRUCTION[4]",
					"strict" : false
				},
				{
					"name" : "INSTRUCTION[3]",
					"strict" : false
				},
				{
					"name" : "INSTRUCTION[2]",
					"strict" : false
				},
				{
					"name" : "INSTRUCTION[1]",
					"strict" : false
				},
				{
					"name" : "INSTRUCTION[0]",
					"strict" : false
				},
				{
					"name" : "Destination_Out[7]",
					"strict" : false
				},
				{
					"name" : "Destination_Out[6]",
					"strict" : false
				},
				{
					"name" : "Destination_Out[5]",
					"strict" : false
				},
				{
					"name" : "Destination_Out[4]",
					"strict" : false
				},
				{
					"name" : "Destination_Out[3]",
					"strict" : false
				},
				{
					"name" : "Destination_Out[2]",
					"strict" : false
				},
				{
					"name" : "Destination_Out[1]",
					"strict" : false
				},
				{
					"name" : "Destination_Out[0]",
					"strict" : false
				},
				{
					"name" : "READ_OUT[7]",
					"strict" : false
				},
				{
					"name" : "READ_OUT[6]",
					"strict" : false
				},
				{
					"name" : "READ_OUT[5]",
					"strict" : false
				},
				{
					"name" : "READ_OUT[4]",
					"strict" : false
				},
				{
					"name" : "READ_OUT[3]",
					"strict" : false
				},
				{
					"name" : "READ_OUT[2]",
					"strict" : false
				},
				{
					"name" : "READ_OUT[1]",
					"strict" : false
				},
				{
					"name" : "READ_OUT[0]",
					"strict" : false
				},
				{
					"name" : "AddSrc",
					"strict" : false
				},
				{
					"name" : "ALU_Control[0]",
					"strict" : false
				},
				{
					"name" : "ALU_Control[1]",
					"strict" : false
				},
				{
					"name" : "ALU_SrcA[0]",
					"strict" : false
				},
				{
					"name" : "ALU_SrcA[1]",
					"strict" : false
				},
				{
					"name" : "ALU_Control[2]",
					"strict" : false
				},
				{
					"name" : "ALU_SrcB[0]",
					"strict" : false
				},
				{
					"name" : "ALU_SrcB[1]",
					"strict" : false
				},
				{
					"name" : "Result_Src[0]",
					"strict" : false
				},
				{
					"name" : "Result_Src[1]",
					"strict" : false
				},
				{
					"name" : "reset",
					"strict" : false
				},
				{
					"name" : "PC_Write",
					"strict" : false
				},
				{
					"name" : "clk",
					"strict" : false
				},
				{
					"name" : "Reg_Src[2]",
					"strict" : false
				},
				{
					"name" : "Imm_Src[1]",
					"strict" : false
				},
				{
					"name" : "Imm_Src[0]",
					"strict" : false
				},
				{
					"name" : "Reg_Src[1]",
					"strict" : false
				},
				{
					"name" : "IRWrite",
					"strict" : false
				},
				{
					"name" : "Reg_Src[0]",
					"strict" : false
				},
				{
					"name" : "WD3_Select[0]",
					"strict" : false
				},
				{
					"name" : "WD3_Select[1]",
					"strict" : false
				},
				{
					"name" : "Reg_Write",
					"strict" : false
				},
				{
					"name" : "MemWrite",
					"strict" : false
				}
			]
		}
	]
}