{
	"partitions" : [
		{
			"name" : "Top",
			"pins" : [
				{
					"name" : "Q3",
					"strict" : false
				},
				{
					"name" : "Q2",
					"strict" : false
				},
				{
					"name" : "Q1",
					"strict" : false
				},
				{
					"name" : "Q0",
					"strict" : false
				},
				{
					"name" : "S0",
					"strict" : false
				},
				{
					"name" : "SH",
					"strict" : false
				},
				{
					"name" : "SI",
					"strict" : false
				},
				{
					"name" : "clk",
					"strict" : false
				}
			]
		}
	]
}